Account,Action,Campaign,Keyword,Match type
BioSure,Add,4for99 - Search - Merseyside & Cheshire,machine,Broad
BioSure,Add,4for99 - Search - Merseyside & Cheshire,hire,Broad
BioSure,Add,4for99 - Search - Merseyside & Cheshire,rental,Broad
BioSure,Add,4for99 - Search - Merseyside & Cheshire,rent,Broad
BioSure,Add,4for99 - Search - Merseyside & Cheshire,diy,Broad
BioSure,Add,4for99 - Search - Merseyside & Cheshire,bissell,Broad
BioSure,Add,4for99 - Search - Merseyside & Cheshire,vax,Broad
BioSure,Add,4for99 - Search - Merseyside & Cheshire,rug doctor,Broad
BioSure,Add,4for99 - Search - Merseyside & Cheshire,karcher,Broad
BioSure,Add,4for99 - Search - Merseyside & Cheshire,shark,Broad
BioSure,Add,4for99 - Search - Merseyside & Cheshire,amazon,Broad
BioSure,Add,4for99 - Search - Merseyside & Cheshire,argos,Broad
BioSure,Add,4for99 - Search - Merseyside & Cheshire,homebase,Broad
BioSure,Add,4for99 - Search - Merseyside & Cheshire,screwfix,Broad
BioSure,Add,4for99 - Search - Merseyside & Cheshire,b&q,Broad
BioSure,Add,4for99 - Search - Merseyside & Cheshire,wickes,Broad
BioSure,Add,4for99 - Search - Merseyside & Cheshire,how to,Broad
BioSure,Add,4for99 - Search - Merseyside & Cheshire,youtube,Broad
BioSure,Add,4for99 - Search - Merseyside & Cheshire,video,Broad
BioSure,Add,4for99 - Search - Merseyside & Cheshire,videos,Broad
BioSure,Add,4for99 - Search - Merseyside & Cheshire,training,Broad
BioSure,Add,4for99 - Search - Merseyside & Cheshire,course,Broad
BioSure,Add,4for99 - Search - Merseyside & Cheshire,courses,Broad
BioSure,Add,4for99 - Search - Merseyside & Cheshire,career,Broad
BioSure,Add,4for99 - Search - Merseyside & Cheshire,careers,Broad
BioSure,Add,4for99 - Search - Merseyside & Cheshire,salary,Broad
BioSure,Add,4for99 - Search - Merseyside & Cheshire,jobs,Broad
BioSure,Add,4for99 - Search - Merseyside & Cheshire,job,Broad
BioSure,Add,4for99 - Search - Merseyside & Cheshire,vacancy,Broad
BioSure,Add,4for99 - Search - Merseyside & Cheshire,vacancies,Broad
BioSure,Add,4for99 - Search - Merseyside & Cheshire,wholesaler,Broad
BioSure,Add,4for99 - Search - Merseyside & Cheshire,supplier,Broad
BioSure,Add,4for99 - Search - Merseyside & Cheshire,suppliers,Broad
BioSure,Add,4for99 - Search - Merseyside & Cheshire,free,Broad
BioSure,Add,4for99 - Search - Merseyside & Cheshire,homemade,Broad
BioSure,Add,4for99 - Search - Merseyside & Cheshire,recipe,Broad
BioSure,Add,4for99 - Search - Merseyside & Cheshire,powder,Broad
BioSure,Add,4for99 - Search - Merseyside & Cheshire,spray,Broad
BioSure,Add,4for99 - Search - Merseyside & Cheshire,foam,Broad
BioSure,Add,4for99 - Search - Merseyside & Cheshire,review machines,Broad
BioSure,Add,4for99 - Search - Merseyside & Cheshire,best machine,Broad
