Account,Action,Campaign,Callout text
BioSure,Add,4for99 - Search - Merseyside & Cheshire,Was £160 — Now £99
BioSure,Add,4for99 - Search - Merseyside & Cheshire,Free Re-clean Guarantee
BioSure,Add,4for99 - Search - Merseyside & Cheshire,Dries in 2–4 Hours
BioSure,Add,4for99 - Search - Merseyside & Cheshire,Hot-Water Extraction
BioSure,Add,4for99 - Search - Merseyside & Cheshire,Pet & Kid Safe Products
BioSure,Add,4for99 - Search - Merseyside & Cheshire,Fully Insured
BioSure,Add,4for99 - Search - Merseyside & Cheshire,Same-Week Booking
BioSure,Add,4for99 - Search - Merseyside & Cheshire,"4.9★ 2,400+ Reviews"
BioSure,Add,4for99 - Search - Merseyside & Cheshire,No Hidden Fees
BioSure,Add,4for99 - Search - Merseyside & Cheshire,Local Wirral Team
